{
  "total": 300,
  "json_valid": 300,
  "valid_smiles": 277,
  "exact_reactant_match": 91,
  "reaction_class_match": 205,
  "product_as_sole_reactant": 1,
  "json_valid_rate": 1.0,
  "valid_smiles_rate": 0.9233333333333333,
  "exact_reactant_match_rate": 0.30333333333333334,
  "reaction_class_match_rate": 0.6833333333333333,
  "product_as_sole_reactant_rate": 0.0033333333333333335
}